{"sum": 2795, "log": [{"amount": 100, "description": "\u6e2c\u8a66", "datetime": "2024-02-08 02:17:19", "category": "\u98f2\u98df"}, {"amount": 27, "description": "\u98f2\u6599", "datetime": "2023-11-14 19:39:43", "category": "\u98f2\u98df"}, {"amount": 80, "description": "\u52dd\u7530\u5c4b", "datetime": "2023-11-14 19:39:31", "category": "\u98f2\u98df"}, {"amount": 84, "description": "\u81ea\u52a9\u9910", "datetime": "2023-11-14 12:53:29", "category": "\u98f2\u98df"}, {"amount": 20, "description": "\u5317\u6295\u7d05\u8336", "datetime": "2023-11-13 18:45:46", "category": "\u98f2\u98df"}, {"amount": 78, "description": "\u81ea\u52a9\u9910", "datetime": "2023-11-13 18:45:30", "category": "\u98f2\u98df"}, {"amount": 71, "description": "\u98ef\u7cf0", "datetime": "2023-11-13 12:33:13", "category": "\u98f2\u98df"}, {"amount": 27, "description": "\u98f2\u6599", "datetime": "2023-11-13 12:33:02", "category": "\u98f2\u98df"}, {"amount": 20, "description": "\u6377\u904b", "datetime": "2023-11-13 08:13:55", "category": "\u4ea4\u901a\u8cbb"}, {"amount": 20, "description": "\u8c46\u6f3f", "datetime": "2023-11-13 08:13:42", "category": "\u98f2\u98df"}, {"amount": 35, "description": "\u96eaQ\u9905", "datetime": "2023-11-12 15:54:11", "category": "\u98f2\u98df"}, {"amount": 50, "description": "\u7092\u6ce1\u9eb5", "datetime": "2023-11-12 15:53:58", "category": "\u98f2\u98df"}, {"amount": 40, "description": "\u6587\u83ef\u98f2\u6599", "datetime": "2023-11-12 15:53:41", "category": "\u98f2\u98df"}, {"amount": 15, "description": "bike", "datetime": "2023-11-12 15:53:29", "category": "\u4ea4\u901a\u8cbb"}, {"amount": 139, "description": "\u78c1\u5438\u96fb\u71c8", "datetime": "2023-11-11 03:04:53", "category": "\u751f\u6d3b\u7528\u54c1"}, {"amount": 89, "description": "\u5de7\u514b\u529b", "datetime": "2023-11-11 03:04:34", "category": "\u793e\u5718\u5a1b\u6a02"}, {"amount": 26, "description": "\u6377\u904b", "datetime": "2023-11-11 03:04:12", "category": "\u4ea4\u901a\u8cbb"}, {"amount": 20, "description": "\u6377\u904b", "datetime": "2023-11-11 03:04:05", "category": "\u4ea4\u901a\u8cbb"}, {"amount": 20, "description": "\u8c46\u6f3f", "datetime": "2023-11-11 03:03:55", "category": "\u98f2\u98df"}, {"amount": 31, "description": "\u9eb5\u5305", "datetime": "2023-11-11 03:03:41", "category": "\u98f2\u98df"}, {"amount": 100, "description": "\u665a\u9910", "datetime": "2023-11-09 18:40:56", "category": "\u98f2\u98df"}, {"amount": 48, "description": "\u9eb5\u5305", "datetime": "2023-11-09 16:01:43", "category": "\u98f2\u98df"}, {"amount": 27, "description": "\u98f2\u6599", "datetime": "2023-11-08 18:14:38", "category": "\u98f2\u98df"}, {"amount": 109, "description": "\u62c9\u9eb5", "datetime": "2023-11-08 17:47:48", "category": "\u98f2\u98df"}, {"amount": 88, "description": "\u81ea\u52a9\u9910", "datetime": "2023-11-08 11:50:45", "category": "\u98f2\u98df"}, {"amount": 55, "description": "\u6ce1\u9eb5\u98f2\u6599", "datetime": "2023-11-08 02:19:37", "category": "\u98f2\u98df"}, {"amount": 87, "description": "\u81ea\u52a9\u9910", "datetime": "2023-11-07 18:21:06", "category": "\u98f2\u98df"}, {"amount": 30, "description": "\u98f2\u6599", "datetime": "2023-11-07 18:12:56", "category": "\u98f2\u98df"}, {"amount": 900, "description": "\u79cb\u8a13", "datetime": "2023-11-07 11:59:26", "category": "\u793e\u5718\u5a1b\u6a02"}, {"amount": 49, "description": "\u5bb5\u591c", "datetime": "2023-11-07 01:35:44", "category": "\u98f2\u98df"}, {"amount": 18, "description": "\u7d05\u8336", "datetime": "2023-11-06 18:19:11", "category": "\u98f2\u98df"}, {"amount": 73, "description": "\u81ea\u52a9\u9910", "datetime": "2023-11-06 18:18:34", "category": "\u98f2\u98df"}, {"amount": 159, "description": "\u6f22\u5821\u738b", "datetime": "2023-11-06 16:46:40", "category": "\u98f2\u98df"}, {"amount": 60, "description": "\u5bb5\u591c", "datetime": "2023-11-06 03:18:45", "category": "\u98f2\u98df"}]}